,GC
AAE,1
AAL,1
AAN,3
AAQ,4
AAR,2
AAT,6
AAX,7
AAY,8
ABA,4
ABB,10
ABD,11
ABE,12
ABI,13
ABJ,1
ABL,15
ABM,16
ABQ,12
ABR,17
ABS,19
ABT,20
ABV,1
ABX,22
ABY,12
ABZ,1
ACA,17
ACC,1
ACE,2
ACH,28
ACI,29
ACK,30
ACR,31
ACT,13
ACU,33
ACV,17
ACX,35
ACY,12
ACZ,11
ADA,1
ADB,1
ADD,1
ADE,8
ADF,1
ADK,43
ADL,16
ADQ,43
ADU,11
ADZ,47
AEB,35
AEP,49
AER,1
AES,2
AET,52
AEX,12
AEY,54
AFA,49
AFL,56
AFZ,11
AGA,1
AGB,1
AGF,1
AGH,2
AGM,62
AGN,63
AGP,1
AGR,40
AGS,12
AGT,49
AGU,13
AGX,69
AHB,20
AHE,71
AHN,72
AHO,2
AHU,74
AIA,17
AIN,76
AIT,77
AIU,77
AJA,1
AJF,20
AJI,1
AJL,82
AJR,83
AJU,49
AKB,85
AKF,86
AKI,87
AKJ,88
AKK,45
AKL,16
AKN,43
AKP,52
AKU,6
AKV,94
AKX,4
AKY,96
ALA,1
ALB,12
ALC,1
ALF,2
ALG,1
ALH,44
ALO,12
ALS,17
ALW,17
AMA,13
AMD,26
AMH,21
AMM,1
AMQ,110
AMS,1
ANC,12
ANF,49
ANG,114
ANI,43
ANM,116
ANR,24
ANS,111
ANU,2
ANV,115
ANX,99
AOE,14
AOG,35
AOI,5
AOJ,88
AOK,27
AOO,98
AOQ,128
AOR,44
AOS,45
APF,119
APL,14
APN,12
APO,47
APW,22
AQA,84
AQG,35
AQI,20
AQJ,1
AQP,111
ARC,141
ARH,4
ARI,49
ARK,40
ARM,22
ARN,1
ART,12
ARU,49
ARW,27
ASB,1
ASE,17
ASF,4
ASJ,88
ASM,8
ASO,21
ASP,16
ASR,1
ASU,47
ASV,159
ASW,19
ATA,111
ATC,162
ATD,163
ATH,1
ATK,76
ATL,1
ATM,167
ATQ,40
ATT,112
ATW,12
ATY,17
ATZ,20
AUA,2
AUC,47
AUG,30
AUH,1
AUK,177
AUQ,71
AUR,1
AUS,12
AUU,16
AUX,84
AUY,183
AVA,35
AVL,12
AVN,79
AVP,12
AVV,22
AWD,183
AWZ,11
AXA,111
AXD,39
AXK,8
AXM,36
AXP,162
AXR,71
AXT,88
AXU,21
AYP,111
AYQ,16
AYT,1
AZA,17
AZD,11
AZI,26
AZN,4
AZO,12
AZR,1
AZS,17
BAH,1
BAL,1
BAQ,47
BAV,6
BAX,4
BAY,73
BAZ,215
BBA,49
BBI,40
BBK,26
BBN,219
BBO,26
BCD,176
BCI,44
BCN,1
BCV,166
BDA,2
BDB,44
BDH,11
BDJ,110
BDL,12
BDO,44
BDP,176
BDQ,40
BDS,5
BDU,2
BEB,24
BEG,1
BEJ,228
BEL,49
BEN,1
BES,1
BET,43
BEU,242
BEW,26
BEY,1
BFD,98
BFF,17
BFI,247
BFJ,35
BFL,17
BFN,26
BFQ,33
BFS,1
BFV,253
BGA,47
BGF,1
BGG,1
BGI,2
BGM,12
BGO,1
BGR,12
BGW,1
BGY,2
BHB,30
BHD,2
BHE,44
BHH,20
BHI,49
BHJ,40
BHK,4
BHM,12
BHO,40
BHQ,22
BHR,176
BHS,22
BHU,40
BHV,176
BHX,1
BHY,35
BIA,1
BIK,110
BIL,17
BIM,36
BIO,1
BIQ,1
BIR,176
BIS,12
BJA,1
BJB,11
BJF,100
BJI,17
BJL,2
BJM,14
BJR,21
BJV,1
BJX,12
BJZ,2
BKC,15
BKG,17
BKI,35
BKK,1
BKM,299
BKO,1
BKQ,44
BKS,110
BKW,98
BKY,306
BKZ,307
BLA,47
BLD,309
BLE,5
BLI,17
BLJ,1
BLK,2
BLL,1
BLQ,1
BLR,1
BLV,12
BLZ,14
BMA,2
BME,22
BMI,12
BMU,44
BMV,97
BMW,101
BMY,325
BNA,12
BNB,40
BNC,328
BND,11
BNE,13
BNI,10
BNK,22
BNN,2
BNS,166
BNX,27
BNY,163
BOB,71
BOC,33
BOD,1
BOG,1
BOH,2
BOI,12
BOJ,2
BOM,1
BON,2
BOO,2
BOS,1
BOY,14
BPL,6
BPN,44
BPS,49
BPT,13
BPX,93
BQB,44
BQK,12
BQL,242
BQN,17
BQS,4
BRA,84
BRC,49
BRD,17
BRE,1
BRI,1
BRL,12
BRM,111
BRN,2
BRO,13
BRQ,5
BRR,27
BRS,1
BRU,1
BRW,43
BSA,41
BSB,1
BSC,134
BSD,248
BSG,14
BSK,1
BSL,1
BSO,176
BSR,1
BSS,238
BTC,383
BTH,44
BTI,112
BTJ,44
BTK,4
BTM,17
BTR,12
BTS,2
BTT,52
BTU,44
BTV,12
BUA,330
BUC,395
BUD,1
BUF,12
BUL,330
BUN,47
BUQ,26
BUR,17
BUS,1
BUW,110
BUX,328
BUZ,11
BVA,2
BVB,215
BVC,1
BVE,1
BVG,100
BVH,56
BVI,242
BVS,167
BVV,414
BWA,176
BWI,12
BWK,111
BWN,20
BWT,22
BXB,110
BXR,11
BXU,176
BYC,423
BYN,300
BYO,84
BZE,12
BZG,5
BZL,176
BZN,12
BZO,26
BZR,24
BZV,1
CAB,40
CAC,49
CAE,12
CAG,1
CAH,97
CAI,1
CAJ,308
CAK,12
CAL,27
CAN,1
CAP,166
CAW,84
CAY,1
CBB,49
CBH,1
CBO,176
CBQ,10
CBR,22
CBS,166
CBT,40
CCC,24
CCF,2
CCJ,3
CCK,456
CCM,49
CCP,49
CCS,1
CCU,26
CCV,90
CDB,43
CDC,17
CDG,1
CDJ,465
CDR,75
CDV,43
CEB,40
CEC,17
CED,44
CEE,4
CEG,24
CEI,40
CEK,4
CEM,52
CEN,25
CEZ,17
CFB,84
CFC,49
CFE,1
CFK,1
CFN,24
CFR,1
CFS,22
CFU,2
CGA,486
CGB,49
CGD,35
CGH,49
CGI,166
CGK,20
CGM,221
CGN,1
CGO,6
CGP,20
CGQ,35
CGR,49
CGY,176
CHA,12
CHC,22
CHG,40
CHO,12
CHQ,1
CHS,12
CHU,112
CHX,33
CHY,163
CIA,1
CIC,17
CID,12
CIF,35
CIH,35
CIJ,140
CIK,52
CIP,40
CIT,4
CIU,12
CIX,111
CIY,5
CIZ,215
CJA,111
CJB,3
CJC,49
CJJ,40
CJL,3
CJM,253
CJS,25
CJU,35
CKB,12
CKD,115
CKG,6
CKH,358
CKS,167
CKX,534
CKY,1
CKZ,38
CLD,17
CLE,12
CLJ,2
CLL,13
CLM,247
CLO,26
CLQ,25
CLT,1
CLV,84
CLY,1
CMA,547
CMB,1
CME,17
CMG,374
CMH,12
CMI,12
CMN,1
CMP,465
CMU,330
CMW,64
CMX,12
CND,1
CNF,26
CNJ,44
CNM,17
CNP,62
CNS,16
CNX,35
CNY,17
COD,17
COK,3
COO,1
COQ,300
COR,47
COS,12
COU,12
CPC,49
CPD,44
CPE,25
CPH,1
CPO,49
CPR,17
CPT,2
CPV,84
CPX,119
CRA,24
CRD,49
CRI,162
CRK,40
CRL,1
CRM,176
CRP,13
CRW,12
CSG,12
CSH,142
CSK,592
CSX,6
CSY,4
CTA,1
CTC,49
CTG,17
CTL,44
CTM,25
CTS,35
CTU,2
CUC,47
CUE,111
CUF,14
CUK,166
CUL,25
CUM,166
CUN,1
CUQ,16
CUR,2
CUU,13
CUZ,111
CVG,1
CVM,25
CVU,615
CWA,12
CWB,49
CWL,1
CXB,176
CXF,52
CXH,621
CXI,90
CXJ,49
CXR,4
CYB,119
CYF,112
CYO,64
CYP,176
CYS,17
CYX,358
CYZ,176
CZE,166
CZH,224
CZJ,634
CZL,1
CZM,12
CZS,374
CZU,47
CZX,35
DAB,12
DAC,1
DAD,35
DAL,12
DAR,1
DAT,35
DAU,330
DAV,33
DAX,35
DAY,12
DBA,650
DBO,22
DBQ,12
DBV,1
DCA,12
DCM,1
DCN,44
DCY,93
DDC,17
DDG,35
DEA,41
DEB,24
DEC,12
DED,40
DEE,414
DEF,11
DEL,1
DEN,12
DFW,1
DGA,166
DGO,17
DGT,176
DHB,672
DHI,176
DHM,40
DHN,12
DIB,40
DIE,116
DIG,35
DIJ,64
DIK,17
DIL,44
DIN,300
DIR,21
DIU,40
DIW,548
DIY,1
DJB,110
DJE,1
DJG,1
DJJ,110
DKR,1
DLA,1
DLC,35
DLE,26
DLG,43
DLH,12
DLI,97
DLM,1
DLU,35
DLY,90
DLZ,300
DMB,95
DMD,330
DME,2
DMK,35
DMM,1
DMU,82
DND,5
DNH,6
DNK,1
DNR,5
DNZ,1
DOB,110
DOH,1
DOK,1
DOL,24
DOM,111
DOU,49
DOY,35
DPL,176
DPO,22
DPS,22
DQA,40
DRG,15
DRK,166
DRO,13
DRS,2
DRV,176
DRW,16
DSA,2
DSK,3
DSM,12
DSN,6
DTM,2
DTW,1
DUB,1
DUD,44
DUJ,98
DUR,26
DUS,1
DUT,85
DVO,44
DWC,4
DWD,20
DXB,1
DYG,35
DYR,4
DYU,1
DZA,1
DZN,95
EAE,90
EAM,20
EAR,17
EAS,2
EAT,17
EAU,12
EBA,27
EBB,14
EBH,1
EBJ,2
EBL,1
EBU,38
ECN,1
ECP,12
EDA,765
EDI,1
EDL,14
EDO,38
EDR,16
EEK,112
EFL,2
EGC,5
EGE,17
EGM,163
EGN,40
EGO,4
EGS,54
EGX,91
EIN,1
EIS,111
EJA,47
EJH,20
EKO,17
EKS,414
ELC,729
ELD,17
ELF,40
ELG,101
ELH,36
ELI,112
ELL,26
ELM,12
ELP,12
ELQ,1
ELS,26
ELU,1
ELV,797
EMA,1
EMD,44
EMK,112
ENA,43
ENE,722
ENH,137
ENU,10
ENY,35
EOH,47
EOI,24
EPR,44
EQS,49
ERC,1
ERF,2
ERI,12
ERL,40
ERM,49
ERN,815
ERS,816
ERZ,1
ESB,1
ESC,12
ESD,247
ESL,4
ESM,47
ESU,1
ETH,40
ETR,111
ETZ,1
EUG,17
EUN,14
EUX,111
EVE,2
EVG,2
EVN,1
EVV,12
EWB,30
EWN,12
EWR,1
EXI,112
EXT,1
EYK,50
EYP,47
EYW,12
EZE,1
EZS,1
FAE,2
FAI,17
FAO,1
FAR,12
FAT,13
FAV,71
FAY,12
FBM,14
FBS,672
FCA,17
FCO,1
FDE,2
FDF,1
FDH,1
FEG,4
FEN,84
FEZ,1
FIH,1
FJR,204
FKB,2
FKI,40
FKL,98
FKQ,110
FKS,125
FLA,47
FLG,17
FLL,2
FLN,49
FLO,12
FLR,1
FLS,330
FLW,111
FMA,49
FMI,306
FMM,2
FMN,17
FMO,2
FNA,2
FNC,1
FNI,24
FNJ,40
FNT,12
FOC,35
FOE,12
FON,166
FOR,26
FPO,12
FRA,1
FRD,247
FRE,163
FRO,2
FRS,166
FRU,1
FRW,26
FSC,1
FSD,12
FSM,12
FSP,64
FSZ,35
FTA,183
FTE,49
FTU,116
FUE,2
FUG,35
FUJ,111
FUK,2
FUN,910
FUO,35
FUT,912
FVM,176
FWA,12
FYU,52
GAE,14
GAF,14
GAJ,88
GAL,52
GAM,112
GAN,176
GAO,111
GAU,40
GBB,4
GBE,14
GBT,11
GCC,17
GCH,11
GCI,2
GCK,13
GCM,12
GCN,667
GCW,309
GDE,40
GDL,12
GDN,2
GDQ,21
GDT,166
GDV,202
GDX,4
GDZ,4
GEA,325
GEG,17
GEL,944
GEO,17
GES,176
GET,44
GEV,2
GFF,22
GFK,12
GFN,951
GGG,13
GGT,12
GGW,202
GHA,1
GHB,36
GHE,957
GHT,86
GIB,2
GIG,1
GIL,176
GIS,44
GIU,176
GIZ,20
GJA,931
GJT,13
GKA,330
GKK,176
GLA,1
GLF,166
GLH,166
GLK,14
GLN,14
GLO,264
GLT,22
GLV,112
GMA,327
GMB,21
GMO,10
GMP,40
GMR,981
GMZ,27
GND,17
GNM,984
GNU,112
GNV,12
GNY,1
GOA,1
GOH,54
GOI,4
GOJ,4
GOM,328
GOP,40
GOQ,212
GOT,1
GOU,14
GOV,16
GPA,21
GPB,49
GPI,47
GPS,340
GPT,12
GRB,12
GRI,13
GRJ,26
GRK,12
GRO,2
GRP,1008
GRQ,2
GRR,12
GRU,1
GRV,4
GRW,875
GRX,2
GRZ,2
GSE,1
GSM,11
GSO,12
GSP,12
GST,112
GTE,16
GTF,17
GTO,110
GTR,12
GUA,12
GUC,17
GUM,16
GUR,330
GUW,1
GVA,1
GVR,478
GWD,40
GWL,40
GWT,21
GXF,8
GXH,212
GYA,446
GYD,1
GYE,17
GYN,49
GYS,35
GZO,163
GZP,1
GZT,1
HAA,99
HAC,88
HAD,2
HAH,40
HAJ,1
HAK,35
HAM,1
HAN,1
HAQ,176
HAS,20
HAU,2
HAV,1
HBA,22
HBE,1
HBX,40
HCR,112
HDF,21
HDG,35
HDM,11
HDN,17
HDS,26
HDY,40
HEA,11
HEH,96
HEK,442
HEL,1
HER,1
HET,6
HFA,824
HFE,35
HFS,2
HFT,99
HGA,14
HGH,2
HGN,300
HGR,12
HGU,330
HHH,12
HHN,2
HIA,35
HIB,17
HID,16
HIJ,35
HIN,494
HIR,44
HJJ,35
HJR,65
HKB,52
HKD,88
HKG,1
HKK,90
HKN,330
HKT,4
HLA,111
HLD,35
HLH,35
HLN,17
HLZ,44
HMA,4
HMB,20
HME,1
HMI,6
HMO,17
HMV,146
HNA,111
HND,1
HNH,112
HNL,12
HNM,667
HNS,112
HOB,17
HOD,8
HOE,300
HOF,20
HOG,2
HOI,71
HOM,43
HON,171
HOR,26
HOT,166
HOU,12
HOV,2
HPB,112
HPH,97
HPN,12
HRB,9
HRE,2
HRG,1
HRI,107
HRK,4
HRL,17
HRM,1
HRO,17
HSG,88
HSL,845
HSN,35
HSV,12
HTA,4
HTI,16
HTN,6
HTS,12
HTY,1
HUH,71
HUI,97
HUN,300
HUS,52
HUU,111
HUX,17
HUY,2
HVB,22
HVD,300
HVG,100
HVN,12
HVR,202
HYA,30
HYD,20
HYG,486
HYL,486
HYN,35
HZH,35
IAA,50
IAD,1
IAG,12
IAH,1
IAM,101
IAN,15
IAO,221
IAR,4
IAS,24
IBA,10
IBE,47
IBR,35
IBZ,1
ICI,910
ICN,1
ICT,12
IDA,17
IDR,40
IEV,2
IFJ,54
IFN,1
IFO,97
IGA,162
IGD,1
IGG,91
IGM,17
IGR,49
IGU,49
IIL,11
IJK,4
IKA,1
IKE,1196
IKI,908
IKO,85
IKS,358
IKT,4
ILD,2
ILG,12
ILI,43
ILM,12
ILO,40
ILP,325
ILR,10
ILY,27
IMF,82
IMP,84
IMT,17
INB,426
INC,6
IND,12
INH,26
INL,17
INN,2
INU,44
INV,2
INZ,1
IOA,39
IOM,2
IOQ,62
IOS,49
IOT,1196
IPA,90
IPC,49
IPH,44
IPI,47
IPL,17
IPN,49
IPT,12
IQN,35
IQQ,49
IQT,47
IRA,163
IRC,475
IRG,16
IRJ,49
IRK,166
IRP,328
IRZ,815
ISA,16
ISB,1
ISC,64
ISE,1
ISG,88
ISN,17
ISP,12
IST,1
ISU,1
ITB,167
ITH,12
ITM,88
ITO,17
IUE,1256
IUI,128
IVC,90
IVL,39
IWJ,88
IWK,88
IXA,82
IXB,40
IXC,40
IXD,40
IXE,3
IXG,107
IXJ,40
IXL,40
IXM,107
IXR,40
IXS,82
IXU,40
IXZ,82
IZA,84
IZO,88
JAC,17
JAI,40
JAL,25
JAN,12
JAU,111
JAV,128
JAX,12
JBQ,111
JBR,166
JCB,49
JCK,330
JDH,40
JDO,49
JDZ,35
JED,1
JEG,576
JER,1
JFK,1
JFR,989
JGA,40
JGD,442
JGN,212
JGS,35
JHB,44
JHG,35
JHM,112
JHS,576
JHW,98
JIB,1
JIC,35
JIJ,21
JIK,39
JIM,21
JIQ,35
JIU,35
JJA,163
JJN,35
JJU,989
JKG,2
JKH,2
JKL,39
JKR,176
JLN,13
JLR,40
JMK,2
JMU,35
JNB,1
JNG,35
JNN,1314
JNS,989
JNU,17
JNX,39
JNZ,35
JOE,39
JOG,44
JOI,49
JOL,468
JOS,10
JPA,49
JPR,56
JQA,989
JQE,251
JRO,1
JSH,39
JSI,39
JSR,176
JST,98
JSU,576
JSY,39
JTC,84
JTR,2
JTY,39
JUB,14
JUH,35
JUJ,49
JUK,1196
JUL,111
JUU,1196
JUV,128
JUZ,35
JXA,40
JYV,39
JZH,35
KAA,40
KAD,10
KAE,112
KAJ,39
KAL,845
KAN,1
KAO,39
KAT,44
KAW,1368
KAZ,350
KBC,52
KBL,1
KBP,1
KBR,44
KBU,110
KBV,40
KCA,6
KCC,486
KCG,91
KCH,44
KCK,9
KCL,91
KCM,1
KCO,38
KCQ,1378
KCT,176
KCZ,88
KDH,11
KDI,110
KDM,176
KDO,176
KDU,176
KDV,90
KEF,1
KEJ,4
KEM,39
KEP,176
KER,11
KET,1068
KEW,1399
KFP,112
KFS,1
KGA,40
KGC,44
KGD,4
KGE,163
KGF,4
KGI,22
KGL,1
KGP,50
KGQ,128
KGS,2
KGT,93
KGX,115
KHD,11
KHG,6
KHH,35
KHI,1
KHN,35
KHQ,128
KHS,40
KHV,4
KHY,11
KHZ,1423
KID,2
KIF,1425
KIH,11
KIJ,35
KIM,26
KIN,2
KIR,2
KIS,14
KIT,2
KIV,1
KIX,1
KJA,4
KKA,112
KKB,45
KKC,40
KKE,44
KKH,112
KKI,87
KKJ,88
KKN,2
KKR,196
KLG,112
KLL,91
KLN,45
KLO,44
KLR,2
KLU,27
KLV,4
KLW,486
KLX,2
KME,40
KMG,26
KMI,88
KMJ,88
KMQ,35
KMS,14
KND,40
KNG,110
KNH,300
KNQ,325
KNS,22
KNU,40
KNX,44
KOA,17
KOC,325
KOE,44
KOI,24
KOJ,35
KOK,39
KOO,306
KOP,253
KOS,300
KOT,112
KOV,4
KOW,35
KOZ,45
KPB,486
KPN,112
KPO,494
KPR,1437
KPV,1381
KQA,85
KQT,4
KRF,2
KRK,1
KRL,6
KRN,2
KRO,4
KRP,2
KRR,4
KRS,2
KRT,1
KRY,6
KSA,1497
KSC,24
KSD,2
KSE,40
KSF,2
KSH,1
KSJ,126
KSM,43
KSN,50
KSO,39
KSQ,4
KSU,2
KSY,1
KTA,22
KTB,486
KTE,129
KTG,228
KTL,159
KTM,1
KTN,17
KTS,112
KTT,1070
KTW,2
KUA,44
KUD,299
KUF,4
KUH,88
KUK,112
KUL,1
KUN,2
KUO,39
KUS,54
KUT,50
KUU,40
KUV,494
KUZ,62
KVA,27
KVC,112
KVD,1
KVG,330
KVK,4
KVL,15
KVX,4
KWA,1112
KWE,6
KWF,486
KWI,1
KWJ,494
KWK,112
KWL,35
KWM,16
KWN,112
KWT,87
KXU,1423
KYA,1
KYK,45
KYP,96
KYU,919
KYZ,9
KZB,45
KZI,39
KZN,1
KZO,95
KZR,1
KZS,111
LAD,1
LAE,330
LAI,1
LAM,17
LAN,12
LAO,176
LAP,25
LAQ,14
LAR,17
LAS,2
LAU,159
LAW,13
LAX,1
LAZ,84
LBA,1
LBB,13
LBC,2
LBD,4
LBE,12
LBF,17
LBJ,44
LBL,17
LBP,219
LBS,90
LBU,44
LBV,1
LCA,1
LCE,166
LCG,2
LCH,13
LCK,12
LCR,31
LCX,137
LCY,1
LDB,49
LDE,1
LDH,22
LDS,442
LDU,299
LDY,5
LEA,44
LEB,30
LEC,84
LED,1
LEH,1
LEI,2
LEJ,1
LEN,2
LEQ,838
LET,31
LEX,12
LFM,11
LFR,166
LFT,12
LFW,1
LGA,12
LGB,17
LGG,2
LGI,162
LGK,44
LGL,219
LGP,176
LGQ,111
LGW,1
LHE,1
LHR,1
LHW,6
LIF,325
LIG,1
LIH,17
LIL,1
LIM,1
LIN,1
LIR,12
LIS,1
LIT,12
LJA,1638
LJG,35
LJU,1
LKB,910
LKE,621
LKG,159
LKH,219
LKL,99
LKN,121
LKO,20
LLA,2
LLB,35
LLF,212
LLI,40
LLK,4
LLU,1314
LLW,14
LMA,52
LMC,340
LMM,25
LMN,219
LMP,111
LMT,17
LNB,90
LNE,90
LNJ,248
LNK,12
LNS,98
LNV,330
LNY,112
LNZ,2
LOD,330
LOE,253
LOH,111
LOK,14
LOP,44
LOS,1
LPA,1
LPB,47
LPD,340
LPI,2
LPL,1
LPM,90
LPP,27
LPQ,40
LPS,672
LPT,40
LPY,1
LQM,340
LRD,13
LRE,44
LRH,1
LRM,17
LRR,11
LRS,39
LRT,1
LSA,1028
LSC,49
LSE,12
LSI,24
LSP,111
LST,22
LSY,22
LTD,86
LTI,424
LTN,1
LTO,17
LTX,340
LUD,26
LUG,27
LUH,40
LUK,12
LUM,35
LUN,14
LUO,40
LUQ,49
LUR,1538
LUV,110
LUW,110
LUX,1
LUZ,5
LVI,14
LWB,12
LWN,4
LWO,1
LWS,17
LWY,219
LXA,35
LXG,300
LXR,1
LXS,39
LYA,35
LYB,166
LYC,2
LYG,35
LYH,12
LYI,35
LYP,176
LYR,2
LYS,1
LZC,25
LZH,35
LZO,35
LZY,93
MAA,3
MAB,84
MAD,1
MAF,13
MAG,330
MAH,2
MAJ,112
MAM,25
MAN,1
MAO,47
MAQ,253
MAR,47
MAS,330
MAU,71
MAZ,119
MBA,14
MBE,88
MBI,40
MBJ,2
MBL,17
MBS,12
MBT,176
MCE,17
MCG,43
MCI,12
MCK,17
MCM,79
MCN,12
MCO,2
MCP,167
MCT,1
MCV,44
MCX,4
MCY,22
MCZ,49
MDC,44
MDE,17
MDG,35
MDK,40
MDL,40
MDQ,49
MDT,12
MDU,330
MDW,12
MDZ,49
MEA,84
MEB,1788
MEC,111
MED,1
MEE,325
MEG,40
MEH,100
MEI,12
MEL,16
MEM,12
MEU,167
MEX,1
MFE,13
MFM,35
MFR,17
MFU,40
MGA,12
MGB,22
MGF,49
MGH,26
MGM,12
MGQ,14
MGS,77
MGT,729
MGW,98
MGZ,1368
MHC,216
MHD,1
MHG,27
MHH,36
MHK,12
MHQ,2
MHT,12
MIA,1
MID,17
MIG,35
MII,84
MIM,22
MIR,1
MIS,1028
MJD,176
MJF,51
MJM,40
MJN,116
MJT,27
MJU,110
MJV,2
MJZ,4
MKE,12
MKG,12
MKK,112
MKL,72
MKM,219
MKP,1120
MKQ,280
MKW,110
MKY,22
MLA,1
MLB,12
MLE,1
MLG,44
MLH,1
MLI,12
MLL,112
MLM,13
MLN,2
MLO,39
MLU,12
MLW,14
MLX,1
MLY,52
MMB,88
MME,2
MMH,17
MMJ,111
MMK,4
MMO,291
MMU,166
MMX,2
MMY,88
MNA,350
MNG,44
MNL,17
MNS,851
MNT,845
MOB,12
MOC,238
MOD,17
MOF,44
MOI,77
MOL,2
MOQ,116
MOT,17
MOU,112
MOV,44
MOZ,71
MPA,816
MPH,176
MPL,1
MPM,14
MPN,49
MPP,1888
MQF,4
MQH,1008
MQJ,358
MQL,22
MQM,1
MQN,51
MQP,26
MQT,12
MQX,21
MRA,1
MRD,166
MRE,159
MRS,1
MRU,1
MRV,4
MRX,11
MRY,17
MRZ,22
MSA,1425
MSJ,88
MSL,12
MSN,12
MSO,17
MSP,1
MSQ,1
MSR,1
MSS,98
MST,2
MSU,26
MSW,1918
MSY,12
MSZ,40
MTE,167
MTJ,17
MTM,486
MTR,47
MTS,26
MTT,25
MTV,1927
MTY,12
MUA,163
MUB,26
MUC,1
MUE,667
MUK,77
MUN,166
MUR,219
MUW,1
MUX,20
MVD,26
MVP,47
MVR,14
MVT,71
MVY,30
MWA,166
MWF,330
MWX,35
MWZ,14
MXH,330
MXL,25
MXP,1
MXV,300
MXX,2
MXZ,35
MYA,22
MYD,14
MYG,162
MYJ,35
MYQ,107
MYR,12
MYT,96
MYU,241
MYW,40
MYY,44
MZG,300
MZH,1
MZL,47
MZR,1
MZT,13
MZV,219
MZW,1
NAG,40
NAH,350
NAJ,1
NAN,17
NAO,35
NAP,1
NAQ,128
NAS,12
NAT,26
NAV,1
NAW,253
NAY,35
NBC,1
NBE,2
NBO,1
NBS,40
NBX,110
NCE,1
NCL,1
NCU,4
NDB,27
NDG,35
NDJ,1
NDR,1
NDU,816
NDY,24
NER,9
NEV,111
NGB,35
NGE,21
NGK,358
NGO,12
NGQ,353
NGS,35
NHV,71
NIB,112
NIM,1
NIQ,1196
NJC,4
NJF,1
NKC,1
NKG,6
NKI,1377
NKM,125
NLA,14
NLD,25
NLG,112
NLK,22
NLT,6
NMA,4
NME,112
NNB,163
NNG,35
NNM,142
NNT,253
NNY,35
NOB,166
NOC,2
NOJ,4
NOP,1
NOS,116
NOU,22
NOV,40
NOZ,4
NPE,44
NPL,44
NQN,49
NQU,134
NQY,2
NRA,22
NRK,39
NRL,24
NRN,2
NRT,1
NSH,11
NSI,1
NSK,4
NSN,44
NSQ,128
NST,253
NTE,1
NTG,35
NTL,22
NTN,16
NTQ,88
NTX,230
NUE,1
NUI,76
NUL,845
NUP,169
NUS,90
NUX,4
NVA,47
NVI,4
NVK,121
NVT,49
NWI,2
NYA,50
NYI,14
NYK,159
NYM,4
NYO,2
NYT,40
NYU,96
NZH,9
OAG,22
OAJ,12
OAK,2
OAL,56
OAX,17
OBO,88
OBU,15
OBY,562
OCC,111
ODN,219
ODO,9
ODS,1
ODY,300
OER,2
OGD,170
OGG,12
OGL,119
OGM,33
OGS,98
OGX,1
OGZ,4
OHE,442
OHH,358
OIA,182
OIM,88
OIT,88
OKA,35
OKC,12
OKJ,35
OKL,280
OLA,2
OLB,1
OLC,815
OLF,202
OLH,45
OLL,432
OLP,44
OMA,12
OMD,1706
OME,15
OMH,11
OMO,27
OMR,73
OMS,4
OND,816
ONG,395
ONJ,88
ONQ,27
ONT,13
OOK,112
OOL,16
OPO,1
OPS,56
ORB,64
ORD,1
ORF,12
ORH,36
ORI,45
ORK,1
ORN,1
ORU,423
ORV,15
ORX,167
ORY,1
ORZ,224
OSD,2
OSI,5
OSL,1
OSM,1
OSR,1
OSS,1
OST,2
OSW,4
OSY,51
OTD,33
OTH,17
OTP,1
OTZ,15
OUA,1
OUD,1
OUL,2
OUZ,14
OVB,1
OVD,1
OVS,50
OWB,12
OXB,14
OZC,176
OZH,50
OZZ,1
PAC,33
PAD,2
PAF,40
PAG,176
PAH,12
PAP,1
PAS,39
PAT,40
PAV,84
PAZ,25
PBC,13
PBD,344
PBG,12
PBH,82
PBI,12
PBJ,90
PBL,173
PBM,2
PBO,44
PBU,1781
PBZ,111
PCL,111
PCR,47
PDA,47
PDG,44
PDL,1
PDP,49
PDS,25
PDT,17
PDV,5
PDX,2
PEC,112
PED,4
PEE,4
PEG,5
PEI,47
PEK,1
PEM,111
PEN,35
PER,16
PES,4
PET,49
PEU,166
PEW,3
PEZ,4
PFB,49
PFO,2
PFQ,11
PGA,17
PGD,12
PGF,1
PGK,110
PGU,11
PGV,12
PGX,1
PHB,238
PHC,10
PHE,22
PHF,12
PHL,1
PHO,15
PHS,253
PHW,26
PHX,12
PIA,12
PIB,12
PIE,12
PIH,17
PIK,2
PIN,215
PIP,91
PIR,17
PIS,1
PIT,1
PIU,111
PIX,26
PIZ,76
PJA,111
PJG,176
PJM,166
PKA,241
PKB,98
PKC,4
PKE,22
PKN,110
PKR,176
PKU,44
PKY,110
PKZ,97
PLJ,166
PLM,44
PLN,12
PLO,44
PLQ,2
PLS,12
PLU,7
PLW,110
PLX,95
PLZ,26
PMC,49
PMF,5
PMI,1
PMO,1
PMR,44
PMV,111
PMW,84
PMY,49
PMZ,166
PNA,26
PND,426
PNH,35
PNI,1027
PNK,110
PNL,111
PNP,330
PNQ,21
PNR,1
PNS,12
PNZ,84
POA,26
POG,40
POI,140
POJ,7
POL,14
POM,16
POP,1
POR,2
POS,2
POZ,2
PPB,84
PPG,112
PPK,95
PPN,47
PPP,22
PPQ,44
PPS,176
PPT,17
PPV,1480
PPW,24
PQC,97
PQI,30
PQM,25
PQQ,22
PQS,112
PRA,49
PRC,17
PRG,1
PRH,253
PRI,176
PRN,1
PSA,1
PSC,17
PSE,17
PSG,112
PSJ,110
PSM,12
PSO,47
PSP,12
PSR,5
PSS,49
PTG,26
PTH,2235
PTJ,2327
PTP,1
PTU,241
PTY,1
PUB,17
PUE,33
PUF,1
PUG,44
PUJ,1
PUM,110
PUQ,49
PUS,35
PUU,47
PUW,17
PUY,2
PVA,47
PVC,30
PVD,12
PVE,33
PVG,1
PVH,56
PVK,2
PVR,12
PVU,17
PWE,50
PWM,12
PWQ,4
PXM,25
PXO,26
PXU,97
PYC,33
PYH,166
PYJ,4
PYY,300
PZB,26
PZH,731
PZI,35
PZO,166
PZU,20
QBC,111
QFG,1314
QFN,2368
QFX,1314
QJH,1314
QOQ,1314
QOW,10
QRO,13
QRW,10
QSF,1
QUB,86
QUO,10
QUV,1325
QUW,1314
RAB,16
RAE,20
RAH,20
RAI,1
RAJ,40
RAK,1
RAO,49
RAP,12
RAR,17
RAS,11
RBA,1
RBQ,140
RBR,84
RBV,163
RBY,52
RCB,26
RCE,672
RCH,47
RCM,1243
RCY,162
RDC,182
RDD,17
RDM,17
RDN,44
RDU,12
RDV,505
RDZ,1
REC,21
REG,26
REL,49
REN,4
REP,35
RES,49
RET,121
REU,2
REX,25
RFD,12
RFP,71
RGA,49
RGI,71
RGK,4
RGL,49
RGN,35
RGS,2
RHD,49
RHI,17
RHO,1
RIA,49
RIB,446
RIC,12
RIG,2206
RIW,17
RIX,1
RIY,8
RJA,107
RJH,641
RJK,21
RJL,26
RKA,71
RKD,30
RKS,17
RKV,54
RLG,2
RLK,40
RMA,44
RMF,21
RMI,4
RMP,52
RMQ,35
RMT,71
RNA,163
RNB,2
RNL,163
RNN,2
RNO,12
RNS,1
ROA,12
ROB,1
ROC,12
ROI,253
ROK,44
ROO,56
ROP,442
ROR,88
ROS,49
ROT,44
ROV,1
ROW,13
RPR,40
RRG,344
RRS,2
RSA,49
RSD,162
RSH,112
RST,12
RSU,494
RSW,12
RTA,90
RTB,12
RTM,1
RTW,4
RUA,40
RUH,1
RUN,1
RUR,71
RUS,163
RUT,30
RVD,84
RVE,47
RVK,51
RVN,39
RVT,44
RVV,71
RXS,176
RYG,2
RYK,41
RZE,5
RZR,11
SAB,111
SAE,1196
SAF,13
SAH,1
SAL,12
SAN,12
SAP,12
SAT,12
SAV,12
SAW,1
SAX,33
SBA,17
SBH,111
SBN,12
SBP,17
SBW,44
SBY,12
SBZ,27
SCC,43
SCE,12
SCK,17
SCL,1
SCM,241
SCN,2
SCO,1
SCQ,1
SCT,41
SCU,1
SCW,4
SCY,340
SCZ,163
SDD,26
SDE,49
SDF,12
SDG,11
SDJ,35
SDK,44
SDL,2
SDN,2
SDP,43
SDQ,12
SDR,2
SDU,49
SDV,824
SDY,202
SEA,1
SEN,2
SEZ,14
SFA,1
SFB,2
SFG,119
SFJ,2
SFL,291
SFN,49
SFO,1
SFT,2
SGC,4
SGD,2
SGF,12
SGG,62
SGN,1
SGO,330
SGU,17
SGY,112
SHA,6
SHB,88
SHC,40
SHD,98
SHE,21
SHG,15
SHH,112
SHJ,3
SHL,82
SHM,88
SHP,35
SHR,17
SHV,12
SHW,20
SHX,112
SIC,2149
SID,1
SIN,1
SIP,4
SIT,112
SJC,12
SJD,12
SJE,47
SJI,176
SJJ,1
SJK,84
SJL,815
SJO,12
SJP,49
SJT,13
SJU,12
SJW,6
SJZ,111
SKB,111
SKD,4
SKE,24
SKG,1
SKK,112
SKN,99
SKO,10
SKP,1
SKT,20
SKU,39
SKX,4
SKZ,176
SLA,49
SLC,1
SLH,330
SLI,40
SLK,30
SLL,3
SLM,2
SLN,17
SLP,13
SLQ,505
SLU,111
SLW,17
SLX,938
SLY,4
SLZ,49
SMA,26
SMF,12
SMI,2
SMK,112
SML,162
SMR,47
SMS,116
SMX,17
SNA,12
SNE,111
SNN,2
SNO,253
SNP,43
SNU,64
SNV,308
SNW,96
SOC,44
SOF,1
SOG,2
SOJ,99
SOM,166
SON,44
SOQ,110
SOU,1
SOW,17
SOY,24
SPB,2648
SPC,2
SPD,176
SPI,12
SPN,35
SPP,40
SPR,166
SPS,13
SPU,1
SQS,166
SRA,49
SRE,140
SRG,44
SRK,1355
SRP,2
SRQ,12
SRV,530
SRX,14
SRY,11
SRZ,140
SSA,21
SSB,2648
SSG,10
SSH,1
SSJ,2
SSR,330
SSY,40
STC,12
STD,166
STG,43
STI,17
STL,12
STM,167
STN,1
STR,1
STS,17
STT,12
STV,40
STW,4
STX,111
STZ,2688
SUB,20
SUF,2
SUG,176
SUJ,73
SUK,358
SUR,1425
SUV,22
SUX,12
SVA,112
SVB,116
SVC,17
SVD,119
SVG,1
SVI,31
SVJ,121
SVK,426
SVL,39
SVO,1
SVP,40
SVQ,1
SVR,1976
SVS,52
SVU,90
SVX,1
SVZ,166
SWA,35
SWF,12
SWJ,90
SXB,1
SXF,1
SXI,11
SXK,110
SXM,1
SXO,2688
SXP,112
SXR,40
SXX,2725
SYB,45
SYD,16
SYM,248
SYO,88
SYQ,166
SYR,12
SYX,4
SYY,24
SYZ,1
SZA,40
SZB,44
SZE,21
SZG,1
SZI,97
SZX,6
SZZ,2
TAB,17
TAC,176
TAE,35
TAG,176
TAH,90
TAI,8
TAK,35
TAL,52
TAM,17
TAO,35
TAP,25
TAS,1
TAY,39
TBB,97
TBG,330
TBI,162
TBN,166
TBP,111
TBS,1
TBT,215
TBU,22
TBW,50
TBZ,1
TCB,36
TCD,340
TCG,6
TCO,47
TCQ,111
TCR,107
TCT,112
TCZ,93
TDD,140
TDX,40
TEB,30
TEE,1
TEN,35
TEQ,38
TER,26
TET,26
TFF,215
TFI,330
TFN,1
TFS,1
TGC,299
TGD,1
TGG,44
TGH,90
TGI,111
TGJ,325
TGK,4
TGM,24
TGO,35
TGP,50
TGR,1
TGU,12
TGZ,25
THD,97
THE,49
THL,96
THN,5
THR,11
THS,40
THU,1355
THX,50
TIA,1
TID,1
TIF,1
TIH,71
TIJ,25
TIM,44
TIP,1
TIR,107
TIU,90
TIV,1
TIZ,330
TJA,140
TJM,4
TJQ,110
TJU,4
TKD,14
TKE,63
TKG,110
TKJ,534
TKK,563
TKP,2301
TKS,88
TKU,2
TKX,71
TLA,112
TLC,17
TLE,116
TLH,12
TLJ,1765
TLL,1
TLM,1
TLN,1
TLS,1
TLT,87
TLV,1
TMC,44
TME,47
TMI,176
TMJ,4
TML,14
TMM,116
TMP,2
TMR,101
TMS,26
TMT,167
TMU,166
TMW,22
TNA,6
TNC,112
TNG,1
TNJ,110
TNK,241
TNN,40
TNO,166
TNR,1
TNW,2861
TOB,14
TOE,1
TOF,4
TOG,241
TOH,1927
TOL,12
TOS,2
TOU,325
TOY,35
TPA,2
TPE,1
TPP,111
TPQ,25
TPS,24
TQA,128
TQI,62
TQL,704
TRC,13
TRD,2
TRE,27
TRF,2
TRG,44
TRI,12
TRK,110
TRN,1
TRO,22
TRR,383
TRS,5
TRU,111
TRV,20
TRW,90
TRZ,44
TSA,35
TSE,1
TSF,2
TSH,40
TSJ,111
TSN,6
TSR,2
TST,253
TSV,16
TTA,553
TTE,110
TTJ,88
TTN,12
TTQ,166
TTT,531
TTU,14
TUA,111
TUB,71
TUC,49
TUF,1
TUG,176
TUI,20
TUK,40
TUL,12
TUN,1
TUO,44
TUP,12
TUR,182
TUS,12
TUU,20
TVC,12
TVF,202
TVS,35
TVU,90
TVY,96
TWB,22
TWF,17
TWU,44
TXK,13
TXL,1
TXN,35
TYF,111
TYN,6
TYR,13
TYS,12
TZA,166
TZL,64
TZX,1
UAH,178
UAK,576
UAP,178
UAQ,49
UAS,159
UBA,49
UBJ,88
UBP,40
UCT,4
UDI,49
UDJ,164
UDR,40
UEL,40
UEO,600
UET,11
UFA,1
UGB,91
UGC,1
UIB,47
UIH,97
UII,931
UIN,166
UIO,2
UIP,1
UKA,159
UKB,88
UKK,4
UKS,4
UKX,9
ULB,461
ULG,300
ULH,20
ULK,9
ULN,4
ULO,300
ULP,330
ULV,4
ULZ,300
UMD,1196
UME,2
UNG,330
UNK,43
UNN,253
UPG,44
UPK,128
UPN,17
URA,95
URC,1
URE,111
URG,944
URJ,50
URS,50
URT,40
URY,20
USH,49
USK,142
USM,40
USN,494
UST,166
USU,176
UTH,40
UTN,26
UTP,176
UTS,1605
UTT,26
UUA,4
UUD,4
UUS,4
UVE,325
UVF,2
UYL,40
UYN,35
UYU,140
VAA,2
VAI,330
VAK,112
VAN,1
VAO,163
VAR,4
VAS,1
VAW,100
VBV,910
VBY,2
VCA,300
VCE,1
VCL,97
VCP,26
VCS,97
VCT,17
VDA,3031
VDB,2
VDC,49
VDE,27
VDH,97
VDM,49
VDS,99
VDZ,43
VEE,141
VEL,17
VER,17
VFA,26
VGA,107
VGO,1
VGZ,47
VHC,40
VHM,2
VIE,1
VIG,166
VII,97
VIJ,119
VIL,14
VIN,40
VIS,17
VIX,49
VKG,97
VKO,1
VKT,4
VLC,1
VLD,12
VLI,22
VLL,2
VLN,47
VLS,90
VLV,166
VLY,64
VNO,1
VNS,40
VNX,26
VOG,4
VOL,27
VOZ,4
VPE,40
VPS,12
VPY,40
VQS,119
VRA,2
VRC,176
VRN,1
VSA,17
VST,2
VTE,35
VTZ,40
VUP,47
VUS,471
VVC,47
VVI,26
VVO,4
VXC,132
VXE,1
VXO,2
WAA,112
WAE,20
WAG,44
WAT,24
WAW,1
WBB,112
WBM,330
WBQ,52
WDH,14
WEF,35
WEI,16
WGA,22
WGP,44
WHK,44
WIC,24
WIL,40
WIN,222
WJR,14
WJU,494
WKJ,88
WLG,22
WLH,330
WLK,15
WLS,90
WMI,1
WMN,116
WMO,112
WMR,116
WMX,280
WNA,112
WNH,248
WNN,1425
WNP,176
WNR,242
WNZ,35
WRE,44
WRG,486
WRL,629
WRO,1
WRY,24
WSN,91
WSX,672
WSZ,90
WTK,15
WTL,112
WUA,35
WUH,1
WUS,35
WUX,35
WUZ,35
WVB,26
WWK,330
WWP,1377
WWT,2020
WXN,35
WYA,44
XAP,49
XBE,1425
XBJ,11
XCH,44
XCR,111
XEQ,1314
XFN,35
XFW,64
XGR,3156
XIC,35
XIL,35
XIY,6
XKH,300
XKS,1425
XMH,71
XMN,2
XMS,111
XNA,12
XNN,6
XQP,166
XRY,2
XSB,26
XSC,166
XTG,547
XUZ,35
YAA,2366
YAB,3174
YAC,1425
YAG,1425
YAK,112
YAM,111
YAP,563
YAT,3180
YAX,1425
YAY,836
YBC,64
YBG,64
YBK,3185
YBL,111
YBP,35
YBR,111
YBX,3182
YCB,3190
YCD,111
YCG,111
YCL,347
YCO,3190
YCS,3185
YCU,6
YCY,3174
YDF,111
YDP,3182
YDQ,111
YEG,12
YEK,3185
YER,1425
YES,11
YEV,3194
YFA,3180
YFB,347
YFC,64
YFH,3176
YFJ,3190
YFO,667
YFS,3190
YGH,3205
YGJ,88
YGK,111
YGL,64
YGP,464
YGR,464
YGT,3174
YGV,3184
YGW,64
YGX,667
YGZ,3174
YHD,1399
YHI,3190
YHK,3190
YHM,111
YHO,3199
YHP,3229
YHR,3189
YHU,464
YHY,608
YHZ,12
YIC,40
YIE,442
YIF,3182
YIH,35
YIK,94
YIN,6
YIO,3197
YIW,6
YJT,836
YKA,111
YKF,12
YKG,3156
YKL,464
YKM,17
YKQ,3206
YKS,4
YKT,3186
YKU,3216
YLC,3174
YLE,3190
YLH,3209
YLL,111
YLW,17
YMM,17
YMN,3228
YMO,3206
YMT,64
YNA,3184
YNB,1
YNC,3221
YNG,12
YNJ,35
YNO,3229
YNP,3199
YNS,3248
YNT,35
YNY,35
YNZ,35
YOG,3209
YOJ,608
YOL,10
YOP,608
YOW,12
YPC,3205
YPH,94
YPJ,3156
YPL,3254
YPM,1399
YPN,3184
YPO,3180
YPR,111
YPW,111
YPX,94
YPY,667
YQB,1
YQC,3245
YQD,667
YQF,111
YQG,111
YQK,667
YQL,111
YQM,36
YQQ,111
YQR,12
YQT,111
YQU,111
YQX,347
YQY,111
YQZ,111
YRA,3190
YRB,3174
YRG,3182
YRL,667
YRT,667
YSB,111
YSG,3190
YSJ,64
YSK,667
YSM,608
YSO,3182
YSY,3194
YTE,3174
YTH,667
YTL,1425
YTQ,3156
YTS,111
YTY,35
YTZ,12
YUB,3205
YUD,3216
YUL,1
YUM,17
YUS,494
YUT,3185
YUX,3174
YUY,64
YVB,464
YVM,3207
YVO,64
YVP,64
YVQ,3190
YVR,2
YVZ,1399
YWB,3238
YWG,12
YWH,621
YWJ,3190
YWK,64
YWL,111
YWP,3176
YXC,111
YXE,12
YXH,111
YXJ,111
YXL,1399
YXN,3185
YXP,3174
YXS,111
YXT,111
YXU,12
YXX,111
YXY,111
YYB,111
YYC,2
YYD,111
YYE,3200
YYF,111
YYG,64
YYH,3190
YYJ,17
YYQ,667
YYR,347
YYT,21
YYU,3259
YYY,64
YYZ,1
YZF,111
YZG,94
YZP,111
YZR,111
YZS,3185
YZT,111
YZV,64
YZY,212
YZZ,111
ZAD,1
ZAG,1
ZAH,11
ZAL,458
ZAM,176
ZAT,35
ZAZ,2
ZBF,64
ZBL,44
ZBR,11
ZCL,13
ZCO,49
ZDY,204
ZEL,3186
ZEM,3248
ZFM,3205
ZFN,3205
ZGS,3184
ZGU,330
ZHA,35
ZHY,40
ZIG,14
ZIH,17
ZKE,3180
ZKG,3230
ZLO,17
ZLT,3189
ZMT,111
ZNE,44
ZNZ,14
ZOS,49
ZPB,1425
ZQN,22
ZQW,2
ZQZ,212
ZRH,1
ZRJ,1425
ZSA,36
ZSE,344
ZSJ,1399
ZTB,3230
ZTH,2
ZUH,35
ZUM,3182
ZVK,40
ZYI,35
ZYL,21
